<?xml version='1.0' encoding='UTF-8'?>
<database>
    <meta>
        <tables>1</tables>
        <indices>0</indices>
        <views>0</views>
        <triggers>0</triggers>
        <entries>20</entries>
    </meta>
    <description xmlns:dc="http://purl.org/dc/elements/1.1/">
        <dc:title>SQLite Forensic Corpus, Version 1.0</dc:title>
        <dc:subject>Category: Deleted and overwritten contents</dc:subject>
        <dc:description>Deleted tables</dc:description>
        <dc:creator>Sebastian Nemetz</dc:creator>
        <dc:creator>Sven Schmitt</dc:creator>
        <dc:contributor>Felix Freiling</dc:contributor>
        <dc:publisher>Chair for IT Security Infrastructures, Friedrich-Alexander-University Erlangen-Nuremberg, Germany</dc:publisher>
        <dc:date>2018-03-05</dc:date>
        <dc:type>SQLite3 database file created with SQLite3 version 3.20.1</dc:type>
        <dc:format>application/x-sqlite3</dc:format>
        <dc:language>German</dc:language>
        <dc:identifier>0A-01.db</dc:identifier>
        <dc:source>https://faui1-files.cs.fau.de/public/sqlite-forensic-corpus</dc:source>
        <dc:relation>https://www1.cs.fau.de</dc:relation>
        <dc:coverage />
        <dc:rights>The authors disclaim copyright to this work. Instead, we licence this work with Creative Commons CC0, effectively granting it into the Public Domain.</dc:rights>
    </description>
    <element>
        <meta>
            <type>table</type>
            <name>users</name>
            <reference>users</reference>
            <deleted>True</deleted>
            <columns>5</columns>
            <rowsTotal>20</rowsTotal>
            <rowsAlive>20</rowsAlive>
            <rowsDeleted>0</rowsDeleted>
        </meta>
        <sql>
            <columnDefinition>
                <meta>
                    <name>id</name>
                    <attribute>INT UNSIGNED NOT NULL</attribute>
                </meta>
                <columnTypeName>INTEGER</columnTypeName>
            </columnDefinition>
            <columnDefinition>
                <meta>
                    <name>name</name>
                    <attribute>TEXT NOT NULL</attribute>
                </meta>
                <columnTypeName>TEXT</columnTypeName>
            </columnDefinition>
            <columnDefinition>
                <meta>
                    <name>surname</name>
                    <attribute>TEXT NULL</attribute>
                </meta>
                <columnTypeName>TEXT</columnTypeName>
            </columnDefinition>
            <columnDefinition>
                <meta>
                    <name>codeA</name>
                    <attribute>INT NULL</attribute>
                </meta>
                <columnTypeName>INTEGER</columnTypeName>
            </columnDefinition>
            <columnDefinition>
                <meta>
                    <name>codeB</name>
                    <attribute>FLOAT NULL</attribute>
                </meta>
                <columnTypeName>REAL</columnTypeName>
            </columnDefinition>
        </sql>
        <entries>
            <row>
                <column>
                    <name>id</name>
                    <content>20001</content>
                </column>
                <column>
                    <name>name</name>
                    <content>Emil</content>
                </column>
                <column>
                    <name>surname</name>
                    <content>Becker</content>
                </column>
                <column>
                    <name>codeA</name>
                    <content>522823523</content>
                </column>
                <column>
                    <name>codeB</name>
                    <content>1653469962.37220</content>
                </column>
            </row>
            <row>
                <column>
                    <name>id</name>
                    <content>20002</content>
                </column>
                <column>
                    <name>name</name>
                    <content>Marie</content>
                </column>
                <column>
                    <name>surname</name>
                    <content>Günther</content>
                </column>
                <column>
                    <name>codeA</name>
                    <content>-902131171</content>
                </column>
                <column>
                    <name>codeB</name>
                    <content>863019295.90433</content>
                </column>
            </row>
            <row>
                <column>
                    <name>id</name>
                    <content>20003</content>
                </column>
                <column>
                    <name>name</name>
                    <content>Frank</content>
                </column>
                <column>
                    <name>surname</name>
                    <content>Hartmann</content>
                </column>
                <column>
                    <name>codeA</name>
                    <content>-428159782</content>
                </column>
                <column>
                    <name>codeB</name>
                    <content>4935652487.88132</content>
                </column>
            </row>
            <row>
                <column>
                    <name>id</name>
                    <content>20004</content>
                </column>
                <column>
                    <name>name</name>
                    <content>Mathilda</content>
                </column>
                <column>
                    <name>surname</name>
                    <content>Maier</content>
                </column>
                <column>
                    <name>codeA</name>
                    <content>88862114</content>
                </column>
                <column>
                    <name>codeB</name>
                    <content>3882445007.97356</content>
                </column>
            </row>
            <row>
                <column>
                    <name>id</name>
                    <content>20005</content>
                </column>
                <column>
                    <name>name</name>
                    <content>Gustav</content>
                </column>
                <column>
                    <name>surname</name>
                    <content>Schröder</content>
                </column>
                <column>
                    <name>codeA</name>
                    <content>-1080780961</content>
                </column>
                <column>
                    <name>codeB</name>
                    <content>-3585207680.51278</content>
                </column>
            </row>
            <row>
                <column>
                    <name>id</name>
                    <content>20006</content>
                </column>
                <column>
                    <name>name</name>
                    <content>Finja</content>
                </column>
                <column>
                    <name>surname</name>
                    <content>Koch</content>
                </column>
                <column>
                    <name>codeA</name>
                    <content>-458894918</content>
                </column>
                <column>
                    <name>codeB</name>
                    <content>3383637828.93104</content>
                </column>
            </row>
            <row>
                <column>
                    <name>id</name>
                    <content>20007</content>
                </column>
                <column>
                    <name>name</name>
                    <content>Susanne</content>
                </column>
                <column>
                    <name>surname</name>
                    <content>Albrecht</content>
                </column>
                <column>
                    <name>codeA</name>
                    <content>1012277068</content>
                </column>
                <column>
                    <name>codeB</name>
                    <content>-2279000984.16908</content>
                </column>
            </row>
            <row>
                <column>
                    <name>id</name>
                    <content>20008</content>
                </column>
                <column>
                    <name>name</name>
                    <content>Lia</content>
                </column>
                <column>
                    <name>surname</name>
                    <content>Berger</content>
                </column>
                <column>
                    <name>codeA</name>
                    <content>-886371193</content>
                </column>
                <column>
                    <name>codeB</name>
                    <content>3240637261.53254</content>
                </column>
            </row>
            <row>
                <column>
                    <name>id</name>
                    <content>20009</content>
                </column>
                <column>
                    <name>name</name>
                    <content>Anton</content>
                </column>
                <column>
                    <name>surname</name>
                    <content>Franke</content>
                </column>
                <column>
                    <name>codeA</name>
                    <content>-1144592913</content>
                </column>
                <column>
                    <name>codeB</name>
                    <content>3981085745.14328</content>
                </column>
            </row>
            <row>
                <column>
                    <name>id</name>
                    <content>20010</content>
                </column>
                <column>
                    <name>name</name>
                    <content>Anni</content>
                </column>
                <column>
                    <name>surname</name>
                    <content>Hoffmann</content>
                </column>
                <column>
                    <name>codeA</name>
                    <content>-144963492</content>
                </column>
                <column>
                    <name>codeB</name>
                    <content>1463235703.51267</content>
                </column>
            </row>
            <row>
                <column>
                    <name>id</name>
                    <content>20011</content>
                </column>
                <column>
                    <name>name</name>
                    <content>Fritz</content>
                </column>
                <column>
                    <name>surname</name>
                    <content>Schumacher</content>
                </column>
                <column>
                    <name>codeA</name>
                    <content>35528043</content>
                </column>
                <column>
                    <name>codeB</name>
                    <content>-1419794180.62595</content>
                </column>
            </row>
            <row>
                <column>
                    <name>id</name>
                    <content>20012</content>
                </column>
                <column>
                    <name>name</name>
                    <content>Laura</content>
                </column>
                <column>
                    <name>surname</name>
                    <content>Pohl</content>
                </column>
                <column>
                    <name>codeA</name>
                    <content>1324756411</content>
                </column>
                <column>
                    <name>codeB</name>
                    <content>-840692005.97736</content>
                </column>
            </row>
            <row>
                <column>
                    <name>id</name>
                    <content>20013</content>
                </column>
                <column>
                    <name>name</name>
                    <content>Lia</content>
                </column>
                <column>
                    <name>surname</name>
                    <content>Arnold</content>
                </column>
                <column>
                    <name>codeA</name>
                    <content>-60961932</content>
                </column>
                <column>
                    <name>codeB</name>
                    <content>-626682716.24794</content>
                </column>
            </row>
            <row>
                <column>
                    <name>id</name>
                    <content>20014</content>
                </column>
                <column>
                    <name>name</name>
                    <content>Max</content>
                </column>
                <column>
                    <name>surname</name>
                    <content>Albrecht</content>
                </column>
                <column>
                    <name>codeA</name>
                    <content>685805273</content>
                </column>
                <column>
                    <name>codeB</name>
                    <content>4080436718.22196</content>
                </column>
            </row>
            <row>
                <column>
                    <name>id</name>
                    <content>20015</content>
                </column>
                <column>
                    <name>name</name>
                    <content>Hans</content>
                </column>
                <column>
                    <name>surname</name>
                    <content>Heinrich</content>
                </column>
                <column>
                    <name>codeA</name>
                    <content>-678305697</content>
                </column>
                <column>
                    <name>codeB</name>
                    <content>3551747416.40303</content>
                </column>
            </row>
            <row>
                <column>
                    <name>id</name>
                    <content>20016</content>
                </column>
                <column>
                    <name>name</name>
                    <content>Walter</content>
                </column>
                <column>
                    <name>surname</name>
                    <content>Lang</content>
                </column>
                <column>
                    <name>codeA</name>
                    <content>-532345559</content>
                </column>
                <column>
                    <name>codeB</name>
                    <content>4281071470.71560</content>
                </column>
            </row>
            <row>
                <column>
                    <name>id</name>
                    <content>20017</content>
                </column>
                <column>
                    <name>name</name>
                    <content>Nils</content>
                </column>
                <column>
                    <name>surname</name>
                    <content>Schmidt</content>
                </column>
                <column>
                    <name>codeA</name>
                    <content>1190878564</content>
                </column>
                <column>
                    <name>codeB</name>
                    <content>-4631356121.80054</content>
                </column>
            </row>
            <row>
                <column>
                    <name>id</name>
                    <content>20018</content>
                </column>
                <column>
                    <name>name</name>
                    <content>Anton</content>
                </column>
                <column>
                    <name>surname</name>
                    <content>Schmidt</content>
                </column>
                <column>
                    <name>codeA</name>
                    <content>-289514416</content>
                </column>
                <column>
                    <name>codeB</name>
                    <content>2831034137.78871</content>
                </column>
            </row>
            <row>
                <column>
                    <name>id</name>
                    <content>20019</content>
                </column>
                <column>
                    <name>name</name>
                    <content>Anton</content>
                </column>
                <column>
                    <name>surname</name>
                    <content>Klein</content>
                </column>
                <column>
                    <name>codeA</name>
                    <content>652175877</content>
                </column>
                <column>
                    <name>codeB</name>
                    <content>3015545847.83295</content>
                </column>
            </row>
            <row>
                <column>
                    <name>id</name>
                    <content>20020</content>
                </column>
                <column>
                    <name>name</name>
                    <content>Erich</content>
                </column>
                <column>
                    <name>surname</name>
                    <content>Graf</content>
                </column>
                <column>
                    <name>codeA</name>
                    <content>158480544</content>
                </column>
                <column>
                    <name>codeB</name>
                    <content>-1283453780.35840</content>
                </column>
            </row>
        </entries>
    </element>
</database>
