<?xml version='1.0' encoding='UTF-8'?>
<database>
    <meta>
        <tables>1</tables>
        <indices>0</indices>
        <views>0</views>
        <triggers>0</triggers>
        <entries>20</entries>
    </meta>
    <description xmlns:dc="http://purl.org/dc/elements/1.1/">
        <dc:title>SQLite Forensic Corpus, Version 1.0</dc:title>
        <dc:subject>Category: Deleted and overwritten contents</dc:subject>
        <dc:description>Deleted tables</dc:description>
        <dc:creator>Sebastian Nemetz</dc:creator>
        <dc:creator>Sven Schmitt</dc:creator>
        <dc:contributor>Felix Freiling</dc:contributor>
        <dc:publisher>Chair for IT Security Infrastructures, Friedrich-Alexander-University Erlangen-Nuremberg, Germany</dc:publisher>
        <dc:date>2018-03-05</dc:date>
        <dc:type>SQLite3 database file created with SQLite3 version 3.20.1</dc:type>
        <dc:format>application/x-sqlite3</dc:format>
        <dc:language>German</dc:language>
        <dc:identifier>0A-02.db</dc:identifier>
        <dc:source>https://faui1-files.cs.fau.de/public/sqlite-forensic-corpus</dc:source>
        <dc:relation>https://www1.cs.fau.de</dc:relation>
        <dc:coverage />
        <dc:rights>The authors disclaim copyright to this work. Instead, we licence this work with Creative Commons CC0, effectively granting it into the Public Domain.</dc:rights>
    </description>
    <element>
        <meta>
            <type>table</type>
            <name>users</name>
            <reference>users</reference>
            <deleted>True</deleted>
            <columns>5</columns>
            <rowsTotal>20</rowsTotal>
            <rowsAlive>0</rowsAlive>
            <rowsDeleted>20</rowsDeleted>
        </meta>
        <sql>
            <columnDefinition>
                <meta>
                    <name>id</name>
                    <attribute>INT UNSIGNED NOT NULL</attribute>
                </meta>
                <columnTypeName>INTEGER</columnTypeName>
            </columnDefinition>
            <columnDefinition>
                <meta>
                    <name>name</name>
                    <attribute>TEXT NOT NULL</attribute>
                </meta>
                <columnTypeName>TEXT</columnTypeName>
            </columnDefinition>
            <columnDefinition>
                <meta>
                    <name>surname</name>
                    <attribute>TEXT NULL</attribute>
                </meta>
                <columnTypeName>TEXT</columnTypeName>
            </columnDefinition>
            <columnDefinition>
                <meta>
                    <name>codeA</name>
                    <attribute>INT NULL</attribute>
                </meta>
                <columnTypeName>INTEGER</columnTypeName>
            </columnDefinition>
            <columnDefinition>
                <meta>
                    <name>codeB</name>
                    <attribute>FLOAT NULL</attribute>
                </meta>
                <columnTypeName>REAL</columnTypeName>
            </columnDefinition>
        </sql>
        <entries>
            <row deleted="1">
                <column>
                    <name>id</name>
                    <content>20001</content>
                </column>
                <column>
                    <name>name</name>
                    <content>Hanna</content>
                </column>
                <column>
                    <name>surname</name>
                    <content>Haas</content>
                </column>
                <column>
                    <name>codeA</name>
                    <content>-379052688</content>
                </column>
                <column>
                    <name>codeB</name>
                    <content>-4180108615.74677</content>
                </column>
            </row>
            <row deleted="1">
                <column>
                    <name>id</name>
                    <content>20002</content>
                </column>
                <column>
                    <name>name</name>
                    <content>Anne</content>
                </column>
                <column>
                    <name>surname</name>
                    <content>Krüger</content>
                </column>
                <column>
                    <name>codeA</name>
                    <content>994868910</content>
                </column>
                <column>
                    <name>codeB</name>
                    <content>-1026449709.21169</content>
                </column>
            </row>
            <row deleted="1">
                <column>
                    <name>id</name>
                    <content>20003</content>
                </column>
                <column>
                    <name>name</name>
                    <content>Hans</content>
                </column>
                <column>
                    <name>surname</name>
                    <content>Winkler</content>
                </column>
                <column>
                    <name>codeA</name>
                    <content>831601473</content>
                </column>
                <column>
                    <name>codeB</name>
                    <content>2904244669.66849</content>
                </column>
            </row>
            <row deleted="1">
                <column>
                    <name>id</name>
                    <content>20004</content>
                </column>
                <column>
                    <name>name</name>
                    <content>Christina</content>
                </column>
                <column>
                    <name>surname</name>
                    <content>Kühn</content>
                </column>
                <column>
                    <name>codeA</name>
                    <content>-1073926705</content>
                </column>
                <column>
                    <name>codeB</name>
                    <content>-798950738.17994</content>
                </column>
            </row>
            <row deleted="1">
                <column>
                    <name>id</name>
                    <content>20005</content>
                </column>
                <column>
                    <name>name</name>
                    <content>Gertrud</content>
                </column>
                <column>
                    <name>surname</name>
                    <content>Martin</content>
                </column>
                <column>
                    <name>codeA</name>
                    <content>604028607</content>
                </column>
                <column>
                    <name>codeB</name>
                    <content>942711940.00855</content>
                </column>
            </row>
            <row deleted="1">
                <column>
                    <name>id</name>
                    <content>20006</content>
                </column>
                <column>
                    <name>name</name>
                    <content>Christine</content>
                </column>
                <column>
                    <name>surname</name>
                    <content>Haas</content>
                </column>
                <column>
                    <name>codeA</name>
                    <content>-1062862954</content>
                </column>
                <column>
                    <name>codeB</name>
                    <content>-4829990425.99927</content>
                </column>
            </row>
            <row deleted="1">
                <column>
                    <name>id</name>
                    <content>20007</content>
                </column>
                <column>
                    <name>name</name>
                    <content>Mathilda</content>
                </column>
                <column>
                    <name>surname</name>
                    <content>Friedrich</content>
                </column>
                <column>
                    <name>codeA</name>
                    <content>-1541011779</content>
                </column>
                <column>
                    <name>codeB</name>
                    <content>1372355723.92696</content>
                </column>
            </row>
            <row deleted="1">
                <column>
                    <name>id</name>
                    <content>20008</content>
                </column>
                <column>
                    <name>name</name>
                    <content>Hans</content>
                </column>
                <column>
                    <name>surname</name>
                    <content>Bauer</content>
                </column>
                <column>
                    <name>codeA</name>
                    <content>-459286706</content>
                </column>
                <column>
                    <name>codeB</name>
                    <content>105753208.09416</content>
                </column>
            </row>
            <row deleted="1">
                <column>
                    <name>id</name>
                    <content>20009</content>
                </column>
                <column>
                    <name>name</name>
                    <content>Julius</content>
                </column>
                <column>
                    <name>surname</name>
                    <content>Pfeiffer</content>
                </column>
                <column>
                    <name>codeA</name>
                    <content>926593357</content>
                </column>
                <column>
                    <name>codeB</name>
                    <content>2802150313.65033</content>
                </column>
            </row>
            <row deleted="1">
                <column>
                    <name>id</name>
                    <content>20010</content>
                </column>
                <column>
                    <name>name</name>
                    <content>Fabian</content>
                </column>
                <column>
                    <name>surname</name>
                    <content>Fischer</content>
                </column>
                <column>
                    <name>codeA</name>
                    <content>-526407351</content>
                </column>
                <column>
                    <name>codeB</name>
                    <content>3749719680.63606</content>
                </column>
            </row>
            <row deleted="1">
                <column>
                    <name>id</name>
                    <content>20011</content>
                </column>
                <column>
                    <name>name</name>
                    <content>Markus</content>
                </column>
                <column>
                    <name>surname</name>
                    <content>Schulze</content>
                </column>
                <column>
                    <name>codeA</name>
                    <content>710281185</content>
                </column>
                <column>
                    <name>codeB</name>
                    <content>4035145514.19539</content>
                </column>
            </row>
            <row deleted="1">
                <column>
                    <name>id</name>
                    <content>20012</content>
                </column>
                <column>
                    <name>name</name>
                    <content>Wilhelm</content>
                </column>
                <column>
                    <name>surname</name>
                    <content>Fuchs</content>
                </column>
                <column>
                    <name>codeA</name>
                    <content>-473771406</content>
                </column>
                <column>
                    <name>codeB</name>
                    <content>-4531736001.15428</content>
                </column>
            </row>
            <row deleted="1">
                <column>
                    <name>id</name>
                    <content>20013</content>
                </column>
                <column>
                    <name>name</name>
                    <content>Daniel</content>
                </column>
                <column>
                    <name>surname</name>
                    <content>Bauer</content>
                </column>
                <column>
                    <name>codeA</name>
                    <content>-361726213</content>
                </column>
                <column>
                    <name>codeB</name>
                    <content>4866881528.80728</content>
                </column>
            </row>
            <row deleted="1">
                <column>
                    <name>id</name>
                    <content>20014</content>
                </column>
                <column>
                    <name>name</name>
                    <content>Sascha</content>
                </column>
                <column>
                    <name>surname</name>
                    <content>Scholz</content>
                </column>
                <column>
                    <name>codeA</name>
                    <content>-1965508740</content>
                </column>
                <column>
                    <name>codeB</name>
                    <content>4944252977.12174</content>
                </column>
            </row>
            <row deleted="1">
                <column>
                    <name>id</name>
                    <content>20015</content>
                </column>
                <column>
                    <name>name</name>
                    <content>Laura</content>
                </column>
                <column>
                    <name>surname</name>
                    <content>König</content>
                </column>
                <column>
                    <name>codeA</name>
                    <content>-809181854</content>
                </column>
                <column>
                    <name>codeB</name>
                    <content>-894413141.48456</content>
                </column>
            </row>
            <row deleted="1">
                <column>
                    <name>id</name>
                    <content>20016</content>
                </column>
                <column>
                    <name>name</name>
                    <content>Isabell</content>
                </column>
                <column>
                    <name>surname</name>
                    <content>Haas</content>
                </column>
                <column>
                    <name>codeA</name>
                    <content>-104790992</content>
                </column>
                <column>
                    <name>codeB</name>
                    <content>1964242503.49600</content>
                </column>
            </row>
            <row deleted="1">
                <column>
                    <name>id</name>
                    <content>20017</content>
                </column>
                <column>
                    <name>name</name>
                    <content>Jonathan</content>
                </column>
                <column>
                    <name>surname</name>
                    <content>Heinrich</content>
                </column>
                <column>
                    <name>codeA</name>
                    <content>-759817358</content>
                </column>
                <column>
                    <name>codeB</name>
                    <content>-1839089638.94429</content>
                </column>
            </row>
            <row deleted="1">
                <column>
                    <name>id</name>
                    <content>20018</content>
                </column>
                <column>
                    <name>name</name>
                    <content>Irma</content>
                </column>
                <column>
                    <name>surname</name>
                    <content>Schwarz</content>
                </column>
                <column>
                    <name>codeA</name>
                    <content>898461</content>
                </column>
                <column>
                    <name>codeB</name>
                    <content>-3415825915.71651</content>
                </column>
            </row>
            <row deleted="1">
                <column>
                    <name>id</name>
                    <content>20019</content>
                </column>
                <column>
                    <name>name</name>
                    <content>Leonie</content>
                </column>
                <column>
                    <name>surname</name>
                    <content>Sauer</content>
                </column>
                <column>
                    <name>codeA</name>
                    <content>-1262750550</content>
                </column>
                <column>
                    <name>codeB</name>
                    <content>-4613941293.03002</content>
                </column>
            </row>
            <row deleted="1">
                <column>
                    <name>id</name>
                    <content>20020</content>
                </column>
                <column>
                    <name>name</name>
                    <content>Elfriede</content>
                </column>
                <column>
                    <name>surname</name>
                    <content>Roth</content>
                </column>
                <column>
                    <name>codeA</name>
                    <content>1237600051</content>
                </column>
                <column>
                    <name>codeB</name>
                    <content>535602334.67054</content>
                </column>
            </row>
        </entries>
    </element>
</database>
