<?xml version='1.0' encoding='UTF-8'?>
<database>
    <meta>
        <tables>2</tables>
        <indices>0</indices>
        <views>0</views>
        <triggers>0</triggers>
        <entries>20</entries>
    </meta>
    <description xmlns:dc="http://purl.org/dc/elements/1.1/">
        <dc:title>SQLite Forensic Corpus, Version 1.0</dc:title>
        <dc:subject>Category: Deleted and overwritten contents</dc:subject>
        <dc:description>Deleted tables</dc:description>
        <dc:creator>Sebastian Nemetz</dc:creator>
        <dc:creator>Sven Schmitt</dc:creator>
        <dc:contributor>Felix Freiling</dc:contributor>
        <dc:publisher>Chair for IT Security Infrastructures, Friedrich-Alexander-University Erlangen-Nuremberg, Germany</dc:publisher>
        <dc:date>2018-03-05</dc:date>
        <dc:type>SQLite3 database file created with SQLite3 version 3.20.1</dc:type>
        <dc:format>application/x-sqlite3</dc:format>
        <dc:language>German</dc:language>
        <dc:identifier>0A-03.db</dc:identifier>
        <dc:source>https://faui1-files.cs.fau.de/public/sqlite-forensic-corpus</dc:source>
        <dc:relation>https://www1.cs.fau.de</dc:relation>
        <dc:coverage />
        <dc:rights>The authors disclaim copyright to this work. Instead, we licence this work with Creative Commons CC0, effectively granting it into the Public Domain.</dc:rights>
    </description>
    <element>
        <meta>
            <type>table</type>
            <name>users</name>
            <reference>users</reference>
            <deleted>True</deleted>
            <columns>5</columns>
            <rowsTotal>10</rowsTotal>
            <rowsAlive>10</rowsAlive>
            <rowsDeleted>0</rowsDeleted>
        </meta>
        <sql>
            <columnDefinition>
                <meta>
                    <name>id</name>
                    <attribute>INT UNSIGNED NOT NULL</attribute>
                </meta>
                <columnTypeName>INTEGER</columnTypeName>
            </columnDefinition>
            <columnDefinition>
                <meta>
                    <name>name</name>
                    <attribute>TEXT NOT NULL</attribute>
                </meta>
                <columnTypeName>TEXT</columnTypeName>
            </columnDefinition>
            <columnDefinition>
                <meta>
                    <name>surname</name>
                    <attribute>TEXT NULL</attribute>
                </meta>
                <columnTypeName>TEXT</columnTypeName>
            </columnDefinition>
            <columnDefinition>
                <meta>
                    <name>codeA</name>
                    <attribute>INT NULL</attribute>
                </meta>
                <columnTypeName>INTEGER</columnTypeName>
            </columnDefinition>
            <columnDefinition>
                <meta>
                    <name>codeB</name>
                    <attribute>FLOAT NULL</attribute>
                </meta>
                <columnTypeName>REAL</columnTypeName>
            </columnDefinition>
        </sql>
        <entries>
            <row>
                <column>
                    <name>id</name>
                    <content>50001</content>
                </column>
                <column>
                    <name>name</name>
                    <content>Isabella</content>
                </column>
                <column>
                    <name>surname</name>
                    <content>Seidel</content>
                </column>
                <column>
                    <name>codeA</name>
                    <content>-405753613</content>
                </column>
                <column>
                    <name>codeB</name>
                    <content>3077447306.40084</content>
                </column>
            </row>
            <row>
                <column>
                    <name>id</name>
                    <content>50002</content>
                </column>
                <column>
                    <name>name</name>
                    <content>Mila</content>
                </column>
                <column>
                    <name>surname</name>
                    <content>Walter</content>
                </column>
                <column>
                    <name>codeA</name>
                    <content>-951465551</content>
                </column>
                <column>
                    <name>codeB</name>
                    <content>2396459811.08605</content>
                </column>
            </row>
            <row>
                <column>
                    <name>id</name>
                    <content>50003</content>
                </column>
                <column>
                    <name>name</name>
                    <content>Andrea</content>
                </column>
                <column>
                    <name>surname</name>
                    <content>Fischer</content>
                </column>
                <column>
                    <name>codeA</name>
                    <content>-211130379</content>
                </column>
                <column>
                    <name>codeB</name>
                    <content>-3035596859.65795</content>
                </column>
            </row>
            <row>
                <column>
                    <name>id</name>
                    <content>50004</content>
                </column>
                <column>
                    <name>name</name>
                    <content>Matthias</content>
                </column>
                <column>
                    <name>surname</name>
                    <content>Jung</content>
                </column>
                <column>
                    <name>codeA</name>
                    <content>378090189</content>
                </column>
                <column>
                    <name>codeB</name>
                    <content>157017984.96629</content>
                </column>
            </row>
            <row>
                <column>
                    <name>id</name>
                    <content>50005</content>
                </column>
                <column>
                    <name>name</name>
                    <content>Richard</content>
                </column>
                <column>
                    <name>surname</name>
                    <content>Ludwig</content>
                </column>
                <column>
                    <name>codeA</name>
                    <content>24336938</content>
                </column>
                <column>
                    <name>codeB</name>
                    <content>-253979738.45432</content>
                </column>
            </row>
            <row>
                <column>
                    <name>id</name>
                    <content>50006</content>
                </column>
                <column>
                    <name>name</name>
                    <content>Emilia</content>
                </column>
                <column>
                    <name>surname</name>
                    <content>Schulze</content>
                </column>
                <column>
                    <name>codeA</name>
                    <content>-265683969</content>
                </column>
                <column>
                    <name>codeB</name>
                    <content>430735342.87081</content>
                </column>
            </row>
            <row>
                <column>
                    <name>id</name>
                    <content>50007</content>
                </column>
                <column>
                    <name>name</name>
                    <content>Tanja</content>
                </column>
                <column>
                    <name>surname</name>
                    <content>Fuchs</content>
                </column>
                <column>
                    <name>codeA</name>
                    <content>-580212572</content>
                </column>
                <column>
                    <name>codeB</name>
                    <content>-4180799680.38052</content>
                </column>
            </row>
            <row>
                <column>
                    <name>id</name>
                    <content>50008</content>
                </column>
                <column>
                    <name>name</name>
                    <content>Elfriede</content>
                </column>
                <column>
                    <name>surname</name>
                    <content>Koch</content>
                </column>
                <column>
                    <name>codeA</name>
                    <content>826785739</content>
                </column>
                <column>
                    <name>codeB</name>
                    <content>-2501046027.75585</content>
                </column>
            </row>
            <row>
                <column>
                    <name>id</name>
                    <content>50009</content>
                </column>
                <column>
                    <name>name</name>
                    <content>Michaela</content>
                </column>
                <column>
                    <name>surname</name>
                    <content>Sauer</content>
                </column>
                <column>
                    <name>codeA</name>
                    <content>-391470339</content>
                </column>
                <column>
                    <name>codeB</name>
                    <content>929024967.33192</content>
                </column>
            </row>
            <row>
                <column>
                    <name>id</name>
                    <content>50010</content>
                </column>
                <column>
                    <name>name</name>
                    <content>Luis</content>
                </column>
                <column>
                    <name>surname</name>
                    <content>Herrmann</content>
                </column>
                <column>
                    <name>codeA</name>
                    <content>1201670164</content>
                </column>
                <column>
                    <name>codeB</name>
                    <content>3517549381.83238</content>
                </column>
            </row>
        </entries>
    </element>
    <element>
        <meta>
            <type>table</type>
            <name>members</name>
            <reference>members</reference>
            <deleted>True</deleted>
            <columns>5</columns>
            <rowsTotal>10</rowsTotal>
            <rowsAlive>10</rowsAlive>
            <rowsDeleted>0</rowsDeleted>
        </meta>
        <sql>
            <columnDefinition>
                <meta>
                    <name>mid</name>
                    <attribute>INT UNSIGNED NOT NULL</attribute>
                </meta>
                <columnTypeName>INTEGER</columnTypeName>
            </columnDefinition>
            <columnDefinition>
                <meta>
                    <name>mname</name>
                    <attribute>TEXT NOT NULL</attribute>
                </meta>
                <columnTypeName>TEXT</columnTypeName>
            </columnDefinition>
            <columnDefinition>
                <meta>
                    <name>msurname</name>
                    <attribute>TEXT NULL</attribute>
                </meta>
                <columnTypeName>TEXT</columnTypeName>
            </columnDefinition>
            <columnDefinition>
                <meta>
                    <name>mcodeA</name>
                    <attribute>INT NULL</attribute>
                </meta>
                <columnTypeName>INTEGER</columnTypeName>
            </columnDefinition>
            <columnDefinition>
                <meta>
                    <name>mcodeB</name>
                    <attribute>FLOAT NULL</attribute>
                </meta>
                <columnTypeName>REAL</columnTypeName>
            </columnDefinition>
        </sql>
        <entries>
            <row>
                <column>
                    <name>mid</name>
                    <content>20001</content>
                </column>
                <column>
                    <name>mname</name>
                    <content>Jonas</content>
                </column>
                <column>
                    <name>msurname</name>
                    <content>Fuchs</content>
                </column>
                <column>
                    <name>mcodeA</name>
                    <content>-941960468</content>
                </column>
                <column>
                    <name>mcodeB</name>
                    <content>299926696.01921</content>
                </column>
            </row>
            <row>
                <column>
                    <name>mid</name>
                    <content>20002</content>
                </column>
                <column>
                    <name>mname</name>
                    <content>Pia</content>
                </column>
                <column>
                    <name>msurname</name>
                    <content>Albrecht</content>
                </column>
                <column>
                    <name>mcodeA</name>
                    <content>-429903287</content>
                </column>
                <column>
                    <name>mcodeB</name>
                    <content>3043058075.96215</content>
                </column>
            </row>
            <row>
                <column>
                    <name>mid</name>
                    <content>20003</content>
                </column>
                <column>
                    <name>mname</name>
                    <content>Rudolf</content>
                </column>
                <column>
                    <name>msurname</name>
                    <content>Krüger</content>
                </column>
                <column>
                    <name>mcodeA</name>
                    <content>1689432059</content>
                </column>
                <column>
                    <name>mcodeB</name>
                    <content>-4512579315.11504</content>
                </column>
            </row>
            <row>
                <column>
                    <name>mid</name>
                    <content>20004</content>
                </column>
                <column>
                    <name>mname</name>
                    <content>Annika</content>
                </column>
                <column>
                    <name>msurname</name>
                    <content>Koch</content>
                </column>
                <column>
                    <name>mcodeA</name>
                    <content>768413509</content>
                </column>
                <column>
                    <name>mcodeB</name>
                    <content>4721312890.63083</content>
                </column>
            </row>
            <row>
                <column>
                    <name>mid</name>
                    <content>20005</content>
                </column>
                <column>
                    <name>mname</name>
                    <content>Martin</content>
                </column>
                <column>
                    <name>msurname</name>
                    <content>Schumacher</content>
                </column>
                <column>
                    <name>mcodeA</name>
                    <content>1181659012</content>
                </column>
                <column>
                    <name>mcodeB</name>
                    <content>-1312896309.56617</content>
                </column>
            </row>
            <row>
                <column>
                    <name>mid</name>
                    <content>20006</content>
                </column>
                <column>
                    <name>mname</name>
                    <content>Emelie</content>
                </column>
                <column>
                    <name>msurname</name>
                    <content>Schäfer</content>
                </column>
                <column>
                    <name>mcodeA</name>
                    <content>1106348597</content>
                </column>
                <column>
                    <name>mcodeB</name>
                    <content>-4866072246.74247</content>
                </column>
            </row>
            <row>
                <column>
                    <name>mid</name>
                    <content>20007</content>
                </column>
                <column>
                    <name>mname</name>
                    <content>Katja</content>
                </column>
                <column>
                    <name>msurname</name>
                    <content>Möller</content>
                </column>
                <column>
                    <name>mcodeA</name>
                    <content>-1375522997</content>
                </column>
                <column>
                    <name>mcodeB</name>
                    <content>-1619283988.42890</content>
                </column>
            </row>
            <row>
                <column>
                    <name>mid</name>
                    <content>20008</content>
                </column>
                <column>
                    <name>mname</name>
                    <content>Michaela</content>
                </column>
                <column>
                    <name>msurname</name>
                    <content>Schmid</content>
                </column>
                <column>
                    <name>mcodeA</name>
                    <content>675052841</content>
                </column>
                <column>
                    <name>mcodeB</name>
                    <content>-3392035755.51139</content>
                </column>
            </row>
            <row>
                <column>
                    <name>mid</name>
                    <content>20009</content>
                </column>
                <column>
                    <name>mname</name>
                    <content>Daniel</content>
                </column>
                <column>
                    <name>msurname</name>
                    <content>Vogt</content>
                </column>
                <column>
                    <name>mcodeA</name>
                    <content>959749089</content>
                </column>
                <column>
                    <name>mcodeB</name>
                    <content>-4279739935.54699</content>
                </column>
            </row>
            <row>
                <column>
                    <name>mid</name>
                    <content>20010</content>
                </column>
                <column>
                    <name>mname</name>
                    <content>Marco</content>
                </column>
                <column>
                    <name>msurname</name>
                    <content>Groß</content>
                </column>
                <column>
                    <name>mcodeA</name>
                    <content>843397883</content>
                </column>
                <column>
                    <name>mcodeB</name>
                    <content>-2359841539.22640</content>
                </column>
            </row>
        </entries>
    </element>
</database>
