<?xml version='1.0' encoding='UTF-8'?>
<database>
    <meta>
        <tables>2</tables>
        <indices>0</indices>
        <views>0</views>
        <triggers>0</triggers>
        <entries>20</entries>
    </meta>
    <description xmlns:dc="http://purl.org/dc/elements/1.1/">
        <dc:title>SQLite Forensic Corpus, Version 1.0</dc:title>
        <dc:subject>Category: Deleted and overwritten contents</dc:subject>
        <dc:description>Deleted tables</dc:description>
        <dc:creator>Sebastian Nemetz</dc:creator>
        <dc:creator>Sven Schmitt</dc:creator>
        <dc:contributor>Felix Freiling</dc:contributor>
        <dc:publisher>Chair for IT Security Infrastructures, Friedrich-Alexander-University Erlangen-Nuremberg, Germany</dc:publisher>
        <dc:date>2018-03-05</dc:date>
        <dc:type>SQLite3 database file created with SQLite3 version 3.20.1</dc:type>
        <dc:format>application/x-sqlite3</dc:format>
        <dc:language>German</dc:language>
        <dc:identifier>0A-04.db</dc:identifier>
        <dc:source>https://faui1-files.cs.fau.de/public/sqlite-forensic-corpus</dc:source>
        <dc:relation>https://www1.cs.fau.de</dc:relation>
        <dc:coverage />
        <dc:rights>The authors disclaim copyright to this work. Instead, we licence this work with Creative Commons CC0, effectively granting it into the Public Domain.</dc:rights>
    </description>
    <element>
        <meta>
            <type>table</type>
            <name>users</name>
            <reference>users</reference>
            <deleted>True</deleted>
            <columns>5</columns>
            <rowsTotal>10</rowsTotal>
            <rowsAlive>10</rowsAlive>
            <rowsDeleted>0</rowsDeleted>
        </meta>
        <sql>
            <columnDefinition>
                <meta>
                    <name>id</name>
                    <attribute>INT UNSIGNED NOT NULL</attribute>
                </meta>
                <columnTypeName>INTEGER</columnTypeName>
            </columnDefinition>
            <columnDefinition>
                <meta>
                    <name>name</name>
                    <attribute>TEXT NOT NULL</attribute>
                </meta>
                <columnTypeName>TEXT</columnTypeName>
            </columnDefinition>
            <columnDefinition>
                <meta>
                    <name>surname</name>
                    <attribute>TEXT NULL</attribute>
                </meta>
                <columnTypeName>TEXT</columnTypeName>
            </columnDefinition>
            <columnDefinition>
                <meta>
                    <name>codeA</name>
                    <attribute>INT NULL</attribute>
                </meta>
                <columnTypeName>INTEGER</columnTypeName>
            </columnDefinition>
            <columnDefinition>
                <meta>
                    <name>codeB</name>
                    <attribute>FLOAT NULL</attribute>
                </meta>
                <columnTypeName>REAL</columnTypeName>
            </columnDefinition>
        </sql>
        <entries>
            <row>
                <column>
                    <name>id</name>
                    <content>50001</content>
                </column>
                <column>
                    <name>name</name>
                    <content>Willi</content>
                </column>
                <column>
                    <name>surname</name>
                    <content>Schmid</content>
                </column>
                <column>
                    <name>codeA</name>
                    <content>-816479468</content>
                </column>
                <column>
                    <name>codeB</name>
                    <content>-4312754557.14797</content>
                </column>
            </row>
            <row>
                <column>
                    <name>id</name>
                    <content>50002</content>
                </column>
                <column>
                    <name>name</name>
                    <content>Elisabeth</content>
                </column>
                <column>
                    <name>surname</name>
                    <content>Maier</content>
                </column>
                <column>
                    <name>codeA</name>
                    <content>1948668931</content>
                </column>
                <column>
                    <name>codeB</name>
                    <content>-1571122615.86409</content>
                </column>
            </row>
            <row>
                <column>
                    <name>id</name>
                    <content>50003</content>
                </column>
                <column>
                    <name>name</name>
                    <content>Wilhelm</content>
                </column>
                <column>
                    <name>surname</name>
                    <content>Winkler</content>
                </column>
                <column>
                    <name>codeA</name>
                    <content>633964045</content>
                </column>
                <column>
                    <name>codeB</name>
                    <content>-3841587840.04002</content>
                </column>
            </row>
            <row>
                <column>
                    <name>id</name>
                    <content>50004</content>
                </column>
                <column>
                    <name>name</name>
                    <content>Jonas</content>
                </column>
                <column>
                    <name>surname</name>
                    <content>Pfeiffer</content>
                </column>
                <column>
                    <name>codeA</name>
                    <content>362920855</content>
                </column>
                <column>
                    <name>codeB</name>
                    <content>1260197561.35540</content>
                </column>
            </row>
            <row>
                <column>
                    <name>id</name>
                    <content>50005</content>
                </column>
                <column>
                    <name>name</name>
                    <content>Erich</content>
                </column>
                <column>
                    <name>surname</name>
                    <content>Winter</content>
                </column>
                <column>
                    <name>codeA</name>
                    <content>1405645818</content>
                </column>
                <column>
                    <name>codeB</name>
                    <content>-2494216718.47544</content>
                </column>
            </row>
            <row>
                <column>
                    <name>id</name>
                    <content>50006</content>
                </column>
                <column>
                    <name>name</name>
                    <content>Benjamin</content>
                </column>
                <column>
                    <name>surname</name>
                    <content>Schäfer</content>
                </column>
                <column>
                    <name>codeA</name>
                    <content>-217632058</content>
                </column>
                <column>
                    <name>codeB</name>
                    <content>4032270824.08605</content>
                </column>
            </row>
            <row>
                <column>
                    <name>id</name>
                    <content>50007</content>
                </column>
                <column>
                    <name>name</name>
                    <content>Matthias</content>
                </column>
                <column>
                    <name>surname</name>
                    <content>Winter</content>
                </column>
                <column>
                    <name>codeA</name>
                    <content>980959116</content>
                </column>
                <column>
                    <name>codeB</name>
                    <content>2535435523.62148</content>
                </column>
            </row>
            <row>
                <column>
                    <name>id</name>
                    <content>50008</content>
                </column>
                <column>
                    <name>name</name>
                    <content>Maria</content>
                </column>
                <column>
                    <name>surname</name>
                    <content>Horn</content>
                </column>
                <column>
                    <name>codeA</name>
                    <content>-766387937</content>
                </column>
                <column>
                    <name>codeB</name>
                    <content>-1372460064.65166</content>
                </column>
            </row>
            <row>
                <column>
                    <name>id</name>
                    <content>50009</content>
                </column>
                <column>
                    <name>name</name>
                    <content>Luisa</content>
                </column>
                <column>
                    <name>surname</name>
                    <content>Peters</content>
                </column>
                <column>
                    <name>codeA</name>
                    <content>-397507038</content>
                </column>
                <column>
                    <name>codeB</name>
                    <content>-3015542928.13667</content>
                </column>
            </row>
            <row>
                <column>
                    <name>id</name>
                    <content>50010</content>
                </column>
                <column>
                    <name>name</name>
                    <content>Jonas</content>
                </column>
                <column>
                    <name>surname</name>
                    <content>Weiß</content>
                </column>
                <column>
                    <name>codeA</name>
                    <content>-391947008</content>
                </column>
                <column>
                    <name>codeB</name>
                    <content>-1830983686.64784</content>
                </column>
            </row>
        </entries>
    </element>
    <element>
        <meta>
            <type>table</type>
            <name>members</name>
            <reference>members</reference>
            <deleted>True</deleted>
            <columns>5</columns>
            <rowsTotal>10</rowsTotal>
            <rowsAlive>0</rowsAlive>
            <rowsDeleted>10</rowsDeleted>
        </meta>
        <sql>
            <columnDefinition>
                <meta>
                    <name>mid</name>
                    <attribute>INT UNSIGNED NOT NULL</attribute>
                </meta>
                <columnTypeName>INTEGER</columnTypeName>
            </columnDefinition>
            <columnDefinition>
                <meta>
                    <name>mname</name>
                    <attribute>TEXT NOT NULL</attribute>
                </meta>
                <columnTypeName>TEXT</columnTypeName>
            </columnDefinition>
            <columnDefinition>
                <meta>
                    <name>msurname</name>
                    <attribute>TEXT NULL</attribute>
                </meta>
                <columnTypeName>TEXT</columnTypeName>
            </columnDefinition>
            <columnDefinition>
                <meta>
                    <name>mcodeA</name>
                    <attribute>INT NULL</attribute>
                </meta>
                <columnTypeName>INTEGER</columnTypeName>
            </columnDefinition>
            <columnDefinition>
                <meta>
                    <name>mcodeB</name>
                    <attribute>FLOAT NULL</attribute>
                </meta>
                <columnTypeName>REAL</columnTypeName>
            </columnDefinition>
        </sql>
        <entries>
            <row deleted="1">
                <column>
                    <name>mid</name>
                    <content>20001</content>
                </column>
                <column>
                    <name>mname</name>
                    <content>Jonas</content>
                </column>
                <column>
                    <name>msurname</name>
                    <content>Haas</content>
                </column>
                <column>
                    <name>mcodeA</name>
                    <content>-123930712</content>
                </column>
                <column>
                    <name>mcodeB</name>
                    <content>-303276248.88312</content>
                </column>
            </row>
            <row deleted="1">
                <column>
                    <name>mid</name>
                    <content>20002</content>
                </column>
                <column>
                    <name>mname</name>
                    <content>Lea</content>
                </column>
                <column>
                    <name>msurname</name>
                    <content>Krüger</content>
                </column>
                <column>
                    <name>mcodeA</name>
                    <content>-561919370</content>
                </column>
                <column>
                    <name>mcodeB</name>
                    <content>-1127155309.60222</content>
                </column>
            </row>
            <row deleted="1">
                <column>
                    <name>mid</name>
                    <content>20003</content>
                </column>
                <column>
                    <name>mname</name>
                    <content>Amelie</content>
                </column>
                <column>
                    <name>msurname</name>
                    <content>Bergmann</content>
                </column>
                <column>
                    <name>mcodeA</name>
                    <content>-556040042</content>
                </column>
                <column>
                    <name>mcodeB</name>
                    <content>-3122846962.94127</content>
                </column>
            </row>
            <row deleted="1">
                <column>
                    <name>mid</name>
                    <content>20004</content>
                </column>
                <column>
                    <name>mname</name>
                    <content>Benjamin</content>
                </column>
                <column>
                    <name>msurname</name>
                    <content>Hahn</content>
                </column>
                <column>
                    <name>mcodeA</name>
                    <content>278759972</content>
                </column>
                <column>
                    <name>mcodeB</name>
                    <content>3487245509.62786</content>
                </column>
            </row>
            <row deleted="1">
                <column>
                    <name>mid</name>
                    <content>20005</content>
                </column>
                <column>
                    <name>mname</name>
                    <content>Rudolf</content>
                </column>
                <column>
                    <name>msurname</name>
                    <content>Winter</content>
                </column>
                <column>
                    <name>mcodeA</name>
                    <content>624210223</content>
                </column>
                <column>
                    <name>mcodeB</name>
                    <content>-516637603.52723</content>
                </column>
            </row>
            <row deleted="1">
                <column>
                    <name>mid</name>
                    <content>20006</content>
                </column>
                <column>
                    <name>mname</name>
                    <content>Marie</content>
                </column>
                <column>
                    <name>msurname</name>
                    <content>Otto</content>
                </column>
                <column>
                    <name>mcodeA</name>
                    <content>-150129718</content>
                </column>
                <column>
                    <name>mcodeB</name>
                    <content>687925119.73899</content>
                </column>
            </row>
            <row deleted="1">
                <column>
                    <name>mid</name>
                    <content>20007</content>
                </column>
                <column>
                    <name>mname</name>
                    <content>Max</content>
                </column>
                <column>
                    <name>msurname</name>
                    <content>Vogt</content>
                </column>
                <column>
                    <name>mcodeA</name>
                    <content>-384562075</content>
                </column>
                <column>
                    <name>mcodeB</name>
                    <content>-2915923622.39767</content>
                </column>
            </row>
            <row deleted="1">
                <column>
                    <name>mid</name>
                    <content>20008</content>
                </column>
                <column>
                    <name>mname</name>
                    <content>Finja</content>
                </column>
                <column>
                    <name>msurname</name>
                    <content>Ludwig</content>
                </column>
                <column>
                    <name>mcodeA</name>
                    <content>529038696</content>
                </column>
                <column>
                    <name>mcodeB</name>
                    <content>3817676063.07644</content>
                </column>
            </row>
            <row deleted="1">
                <column>
                    <name>mid</name>
                    <content>20009</content>
                </column>
                <column>
                    <name>mname</name>
                    <content>Alfred</content>
                </column>
                <column>
                    <name>msurname</name>
                    <content>Krause</content>
                </column>
                <column>
                    <name>mcodeA</name>
                    <content>1290572517</content>
                </column>
                <column>
                    <name>mcodeB</name>
                    <content>-4879181855.30192</content>
                </column>
            </row>
            <row deleted="1">
                <column>
                    <name>mid</name>
                    <content>20010</content>
                </column>
                <column>
                    <name>mname</name>
                    <content>Daniel</content>
                </column>
                <column>
                    <name>msurname</name>
                    <content>Kühn</content>
                </column>
                <column>
                    <name>mcodeA</name>
                    <content>-815614413</content>
                </column>
                <column>
                    <name>mcodeB</name>
                    <content>2991500775.32581</content>
                </column>
            </row>
        </entries>
    </element>
</database>
